,L_qpc,max_time,tsteps,bond_index,band_width,k0,J_prime,t,Omega,vg,time_at_bond,bond_fit_error,time_f_free,time_f_int,xf_avg_free,xf_avg_int,Transmision_tot,Transmission_k0,r_density_free,r_density_int,last_density_free,last_density_int,last_density_max,time_last_density_max,bond_density_max,min_purity,max_VN_entropy,entanglement_timeskip,T_mean,ddot0,kick
0,21,11.0,350,7,2.0,0.39269908169872414,1.0,0.1,0.3,0.7653668647301796,3.5695075698575027,0.05402314393826986,27.437822262403905,27.08764093763228,13.79471869006402,13.79471869006402,0.08815253503929929,0.05681668803010333,0.8286793671624161,0.8286793671624161,0.16069656383608197,0.16069656383608197,0.16069656383608197,11.0,0.35910809202264393,0.9867366114005486,0.040096661980122586,10,0.7625716186767976,fixed,0.4252492764948949
1,21,11.0,350,7,2.0,0.5235987755982988,1.0,0.0,0.0,0.9999999999999999,2.207366685506419,0.04571878625791992,21.000000000000004,20.207366685506422,14.725676676236942,14.725676676236942,0.236465040893626,0.21516654721476,0.8705064991279732,0.8705064991279732,0.22468471220973757,0.22468471220973757,0.22468471220973757,11.0,0.38718499903265297,0.9999999999999825,8.770761894538697e-15,10,0.815607296078643,fixed,0.0
2,21,11.0,350,7,0.5,1.5707963267948966,1.0,0.1,0.3,2.0,1.705185870296046,0.01009015325148547,10.5,10.705185870296045,16.292872834940294,16.576446691715148,0.4640014235607349,0.49079057967717715,0.9188393680491813,0.9177804610207024,0.2479401903482646,0.32090740918053806,0.42045660901350845,11.0,0.5606334326991143,0.930412392723976,0.15533462973785847,10,0.9012311208820974,fixed,0.3635939535229822
3,21,11.0,350,7,2.0,0.7853981633974483,1.0,0.0,0.3,1.414213562373095,2.0517737588937153,0.02245206059470888,14.849242404917499,14.779695820251572,16.402899739949746,16.402899739949746,0.20328461132122044,0.19417039572469771,0.9314386792003078,0.9314386792003078,0.3775089818031175,0.3775089818031175,0.3775089818031175,11.0,0.44130675032371103,0.9999999999999933,3.330669073875464e-15,10,0.8975264498589467,fixed,0.39888758755831955
4,21,11.0,350,7,0.5,1.3744467859455345,1.0,0.3,0.0,1.9615705608064609,1.693756485422314,0.010701338653595759,10.705707161187343,10.870076909297179,17.120760780459914,17.308802469504126,0.5828410747904292,0.6538719231688591,0.9573611259938635,0.9563112063156116,0.3348224550393975,0.39212867844816807,0.43793244922845836,11.0,0.5416920929215052,0.9999978715422645,1.570086029092514e-05,10,0.9411127561750864,fixed,0.0
5,21,11.0,350,7,2.0,0.39269908169872414,1.0,0.0,0.3,0.7653668647301796,3.5642774632588057,0.05523147266030375,27.437822262403905,27.08241083103358,13.848074998967405,13.848074998967405,0.08815253503929929,0.05681668803010333,0.8325506321774909,0.8325506321774909,0.16288374496490815,0.16288374496490815,0.16288374496490815,11.0,0.35688336128244996,0.9999999999999847,7.660538869913552e-15,10,0.7654217664131426,fixed,0.42386024425499
6,21,11.0,350,7,2.0,0.7853981633974483,1.0,0.1,0.3,1.414213562373095,2.0535490997662174,0.02067964689244032,14.849242404917499,14.781471161124074,16.14698280993521,16.14698280993521,0.20328461132122044,0.19417039572469771,0.9040483641371598,0.9040483641371598,0.3748368381211872,0.3748368381211872,0.3748368381211872,11.0,0.44422813670848255,0.9494355848242865,0.12039039509355921,10,0.8756710894348361,fixed,0.3929599789335109
7,21,11.0,350,7,0.5,1.1780972450961724,1.0,0.3,0.0,1.8477590650225735,1.6959459544759694,0.01070960795488084,11.365118103070136,11.437475757107514,17.435414039589787,17.435414039589787,0.5526747845984682,0.5812242949361085,0.9567695735771586,0.9567695735771586,0.4350258129580745,0.4350258129580745,0.4350258129580745,11.0,0.5407928589523259,0.9999962891851351,2.6342016777583852e-05,10,0.9409165976859821,fixed,0.0
8,21,11.0,350,7,0.5,1.5707963267948966,1.0,0.0,0.3,2.0,1.6932468052874272,0.010717405729898474,10.5,10.693246805287426,16.82984053668773,17.08038800441492,0.4640014235607349,0.49079057967717715,0.9602790106419143,0.9575170650375664,0.259497693168482,0.3242334728102709,0.4385833021330358,11.0,0.541856596614448,0.9999999999999869,6.550315845288402e-15,10,0.9409602989186663,fixed,0.3555850669998513
9,21,11.0,350,7,2.0,0.5235987755982988,1.0,0.1,0.0,0.9999999999999999,2.209182984036176,0.04601910570510815,21.000000000000004,20.20918298403618,14.706327218143258,14.706327218143258,0.236465040893626,0.21516654721476,0.8694258861968502,0.8694258861968502,0.22380875955923074,0.22380875955923074,0.22380875955923074,11.0,0.38672031782282335,0.9999984565038029,1.1633807865421837e-05,10,0.8144309642017046,fixed,0.0
10,21,11.0,350,7,0.5,1.5707963267948966,1.0,0.3,0.3,2.0,1.7212372315170636,0.01064737219630216,10.5,10.721237231517064,14.564388908807048,14.848843510698615,0.4640014235607349,0.49079057967717715,0.8186625260386222,0.8148405600086335,0.19463347728655772,0.2545306456182008,0.3390138279993759,11.0,0.6543011291001888,0.9645730614494552,0.09030532993208576,10,0.7951791920928191,fixed,0.43555193469974574
11,21,11.0,350,7,0.5,1.1780972450961724,1.0,0.0,0.0,1.8477590650225735,1.6961612630538383,0.010732317595336223,11.365118103070136,11.437691065685385,17.4308896175624,17.4308896175624,0.5526747845984682,0.5812242949361085,0.9565795802151681,0.9565795802151681,0.43471555763709324,0.43471555763709324,0.43471555763709324,11.0,0.5407881655971969,0.999999999999988,5.995204332975827e-15,10,0.9407074422227679,fixed,0.0
12,21,11.0,350,7,0.5,1.3744467859455345,1.0,0.0,0.0,1.9615705608064609,1.694021110458518,0.010719659007185469,10.705707161187343,10.870341534333383,17.116465737539762,17.304456073324157,0.5828410747904292,0.6538719231688591,0.9571675112505584,0.9561088469395438,0.33460200140751967,0.39186429424838803,0.4376304450430484,11.0,0.5415667726395714,0.9999999999999876,6.217248937900858e-15,10,0.9409035165555123,fixed,0.0
13,21,11.0,350,7,2.0,0.39269908169872414,1.0,0.3,0.3,0.7653668647301796,3.592088053133613,0.04711042908967932,27.437822262403905,27.11022142090839,13.503416550234109,13.503416550234109,0.08815253503929929,0.05681668803010333,0.8058796187876204,0.8058796187876204,0.14920633410019038,0.14920633410019038,0.14920633410019038,11.0,0.3729041926031794,0.9598194311841162,0.10002116873705275,10,0.7452107448637332,fixed,0.43211290804720415
14,21,11.0,350,7,2.0,0.9817477042468103,1.0,0.8,0.0,1.6629392246050902,1.9760788111108507,0.013453076297573984,12.628242625635952,12.800286775941668,17.46827641537064,17.46827641537064,0.4667928121206816,0.49079057967717715,0.9631274885391505,0.9631274885391505,0.4991583574344483,0.4991583574344483,0.4991583574344483,11.0,0.47613168284029883,0.9999931740984092,4.637508858734409e-05,10,0.9409640095455022,fixed,0.0
15,21,11.0,350,7,2.0,0.5235987755982988,1.0,0.3,0.0,0.9999999999999999,2.209088448493598,0.045990295445721543,21.000000000000004,20.209088448493603,14.708618425122946,14.708618425122946,0.236465040893626,0.21516654721476,0.8695608410627611,0.8695608410627611,0.2238906981230358,0.2238906981230358,0.2238906981230358,11.0,0.3867466417488057,0.9999903037583427,6.417446044990262e-05,10,0.814567808583018,fixed,0.0
16,21,11.0,350,7,0.5,1.1780972450961724,1.0,0.1,0.0,1.8477590650225735,1.6959847773917458,0.010709869182222794,11.365118103070136,11.43751458002329,17.43571667893275,17.43571667893275,0.5526747845984682,0.5812242949361085,0.9567784269902226,0.9567784269902226,0.4350507206601477,0.4350507206601477,0.4350507206601477,11.0,0.5407816742821003,0.9999994785526128,4.213244952282599e-06,10,0.9409180144847022,fixed,0.0
17,21,11.0,350,7,2.0,0.7853981633974483,1.0,0.3,0.3,1.414213562373095,2.0575462815667342,0.018370867358222347,14.849242404917499,14.785468342924592,14.988557678781971,14.988557678781971,0.20328461132122044,0.19417039572469771,0.8045739393094375,0.8045739393094375,0.3512806150488583,0.3512806150488583,0.3512806150488583,11.0,0.46468026829321185,0.9401694327329326,0.13774702568752073,10,0.7793473797411568,fixed,0.40401492286320495
18,21,11.0,350,7,0.5,1.3744467859455345,1.0,0.1,0.0,1.9615705608064609,1.6939332303125472,0.010707007131224416,10.705707161187343,10.870253654187412,17.118097436932047,17.306099513343575,0.5828410747904292,0.6538719231688591,0.9572446366280287,0.9561870675188968,0.33468699450831146,0.39196346539273125,0.4377414794565345,11.0,0.5416538196574069,0.9999995294375956,3.82625770307531e-06,10,0.9409879162844544,fixed,0.0
19,21,11.0,350,7,0.5,1.1780972450961724,1.0,0.0,0.3,1.8477590650225735,1.6961612630538383,0.010732317595336223,11.365118103070136,11.437691065685385,17.4308896175624,17.4308896175624,0.4015597508502798,0.3515561455133493,0.9565795802151681,0.9565795802151681,0.43471555763709324,0.43471555763709324,0.43471555763709324,11.0,0.5407881655971969,0.999999999999988,5.995204332975827e-15,10,0.9407074422227679,fixed,0.35557852342016805
20,21,11.0,350,7,0.5,1.5707963267948966,1.0,0.3,0.0,2.0,1.6922444939546617,0.010676535553582781,10.5,10.69224449395466,16.83467581055091,17.08527780550984,0.6146281298595608,0.711599560857999,0.9603835024986485,0.9576375634528042,0.25959781563466117,0.32441143342874856,0.43890605420880713,11.0,0.5424116755185309,0.9999865911861778,8.657281317004952e-05,10,0.9412773767336912,fixed,0.0
21,21,11.0,350,7,2.0,0.39269908169872414,1.0,0.3,0.0,0.7653668647301796,3.5569481277930786,0.05504896875246089,27.437822262403905,27.075081495567854,13.862483136571665,13.862483136571665,0.17918203327809823,0.1336084642812005,0.8334970968886501,0.8334970968886501,0.1633388951273472,0.1633388951273472,0.1633388951273472,11.0,0.357451413663638,0.9999858631333709,9.089971311206842e-05,10,0.7664491243164244,fixed,0.0
22,21,11.0,350,7,0.5,1.3744467859455345,1.0,0.0,0.3,1.9615705608064609,1.694021110458518,0.010719659007185469,10.705707161187343,10.870341534333383,17.116465737539762,17.304456073324157,0.4316852428410294,0.4246032417403076,0.9571675112505584,0.9561088469395438,0.33460200140751967,0.39186429424838803,0.4376304450430484,11.0,0.5415667726395714,0.9999999999999876,6.217248937900858e-15,10,0.9409035165555123,fixed,0.3555664451598201
23,21,11.0,350,7,2.0,0.7853981633974483,1.0,0.3,0.0,1.414213562373095,2.0516375463946037,0.022408032279504417,14.849242404917499,14.77955960775246,16.409621522266875,16.409621522266875,0.3683540083346771,0.3815135418411637,0.9317298842823437,0.9317298842823437,0.3779387952866158,0.3779387952866158,0.3779387952866158,11.0,0.4413878858307322,0.9999866595124861,8.616574403052828e-05,10,0.8978506496913198,fixed,0.0
24,21,11.0,350,7,0.5,1.1780972450961724,1.0,0.1,0.3,1.8477590650225735,1.7076151694856176,0.010126583402376549,11.365118103070136,11.449144972117164,16.937075028613293,16.937075028613293,0.4015597508502798,0.3515561455133493,0.9203959825588739,0.9203959825588739,0.4190745483767967,0.4190745483767967,0.4190745483767967,11.0,0.5568478487807718,0.9342131561715341,0.14856019823685002,10,0.9047229610333446,fixed,0.3620685335104726
25,21,11.0,350,7,2.0,0.9817477042468103,1.0,0.8,0.3,1.6629392246050902,1.942834334653313,0.012415544937909365,12.628242625635952,12.76704229948413,16.706588900202952,16.706588900202952,0.2736354824797414,0.27351743701681286,0.9166184871844525,0.9166184871844525,0.4582915188808163,0.4582915188808163,0.4582915188808163,11.0,0.5557469306406007,0.9760984490451288,0.06542985265390656,10,0.8939771693257695,fixed,0.42701273905595866
26,21,11.0,350,7,2.0,0.5235987755982988,1.0,0.3,0.3,0.9999999999999999,2.1951806925462853,0.033715248331684426,21.000000000000004,20.195180692546288,14.211301603932416,14.211301603932416,0.12073700353891173,0.09673275182260706,0.8000162617945923,0.8000162617945923,0.22425811110988242,0.22425811110988242,0.22425811110988242,11.0,0.3899432819877838,0.9601286925390272,0.09939723939653053,10,0.7635941297650063,fixed,0.39379040682911803
27,21,11.0,350,7,0.5,1.3744467859455345,1.0,0.1,0.3,1.9615705608064609,1.7060258960818082,0.010104802328412002,10.705707161187343,10.882346319956673,16.584315972102633,16.76810006177863,0.4316852428410294,0.4246032417403076,0.9185853355282723,0.9177292603608128,0.32040401779391975,0.3756261160388775,0.41994503253894117,11.0,0.5597413348040906,0.9312801899205911,0.15379608455762034,10,0.901973538526386,fixed,0.3633242111103978
28,21,11.0,350,7,2.0,0.39269908169872414,1.0,0.1,0.0,0.7653668647301796,3.5636589500316234,0.055260913440714224,27.437822262403905,27.081792317806396,13.842418779950819,13.842418779950819,0.17918203327809823,0.1336084642812005,0.8323105105454108,0.8323105105454108,0.1625565882932851,0.1625565882932851,0.1625565882932851,11.0,0.3569926970461451,0.9999987343298214,9.665331253152834e-06,10,0.7652168980732926,fixed,0.0
29,21,11.0,350,7,2.0,0.7853981633974483,1.0,0.0,0.0,1.414213562373095,2.0517737588937153,0.02245206059470888,14.849242404917499,14.779695820251572,16.402899739949746,16.402899739949746,0.3683540083346771,0.3815135418411637,0.9314386792003078,0.9314386792003078,0.3775089818031175,0.3775089818031175,0.3775089818031175,11.0,0.44130675032371103,0.9999999999999933,3.330669073875464e-15,10,0.8975264498589467,fixed,0.0
30,21,11.0,350,7,0.5,1.5707963267948966,1.0,0.1,0.0,2.0,1.6929946041102126,0.010696862495595314,10.5,10.692994604110213,16.839463210873298,17.090685158845098,0.6146281298595608,0.711599560857999,0.9606995511351011,0.9579906623275227,0.2598601067113187,0.32471901315633817,0.439290118667451,11.0,0.5418936063668757,0.9999996007316636,3.279347017513122e-06,10,0.9413546616028995,fixed,0.0
31,21,11.0,350,7,2.0,0.5235987755982988,1.0,0.0,0.3,0.9999999999999999,2.207366685506419,0.04571878625791992,21.000000000000004,20.207366685506422,14.725676676236942,14.725676676236942,0.12073700353891173,0.09673275182260706,0.8705064991279732,0.8705064991279732,0.22468471220973757,0.22468471220973757,0.22468471220973757,11.0,0.38718499903265297,0.9999999999999825,8.770761894538697e-15,10,0.815607296078643,fixed,0.41994384897453285
32,21,11.0,350,7,2.0,0.39269908169872414,1.0,0.0,0.0,0.7653668647301796,3.5642774632588057,0.05523147266030375,27.437822262403905,27.08241083103358,13.848074998967405,13.848074998967405,0.17918203327809823,0.1336084642812005,0.8325506321774909,0.8325506321774909,0.16288374496490815,0.16288374496490815,0.16288374496490815,11.0,0.35688336128244996,0.9999999999999847,7.660538869913552e-15,10,0.7654217664131426,fixed,0.0
33,21,11.0,350,7,0.5,1.3744467859455345,1.0,0.3,0.3,1.9615705608064609,1.7223573171504127,0.010642725468798984,10.705707161187343,10.898677741025278,14.85634819209875,15.081467691274964,0.4316852428410294,0.4246032417403076,0.8149144141384647,0.812019436959386,0.25489920065449245,0.31083191837534935,0.3394353126932789,11.0,0.6519931240890166,0.9640312422142789,0.09142679825417849,10,0.7952298777992471,fixed,0.43417454209040124
34,21,11.0,350,7,2.0,0.5235987755982988,1.0,0.1,0.3,0.9999999999999999,2.2074643980883653,0.04305232165768136,21.000000000000004,20.20746439808837,14.621701518610452,14.621701518610452,0.12073700353891173,0.09673275182260706,0.8575024001605853,0.8575024001605853,0.22388897992376602,0.22388897992376602,0.22388897992376602,11.0,0.3871005718650786,0.9700927253996277,0.078652155623711,10,0.8067193216554385,fixed,0.414163687940233
35,21,11.0,350,7,0.5,1.5707963267948966,1.0,0.0,0.0,2.0,1.6932468052874272,0.010717405729898474,10.5,10.693246805287426,16.82984053668773,17.08038800441492,0.6146281298595608,0.711599560857999,0.9602790106419143,0.9575170650375664,0.259497693168482,0.3242334728102709,0.4385833021330358,11.0,0.541856596614448,0.9999999999999869,6.550315845288402e-15,10,0.9409602989186663,fixed,0.0
36,21,11.0,350,7,0.5,1.1780972450961724,1.0,0.3,0.3,1.8477590650225735,1.727024377423354,0.010601456549493944,11.365118103070136,11.468554180054898,15.23087744932512,15.23087744932512,0.4015597508502798,0.3515561455133493,0.8130509007959907,0.8130509007959907,0.34216501430544505,0.34216501430544505,0.34216501430544505,11.0,0.6438217385467148,0.96156728904999,0.09648037563895995,10,0.7965438504066564,fixed,0.42901156390189576
37,21,11.0,350,7,2.0,0.7853981633974483,1.0,0.1,0.0,1.414213562373095,2.051658311338671,0.022415963954265185,14.849242404917499,14.779580372696529,16.408127967309824,16.408127967309824,0.3683540083346771,0.3815135418411637,0.9316495856330391,0.9316495856330391,0.3778751356855067,0.3778751356855067,0.3778751356855067,11.0,0.44137156252228477,0.9999979324361529,1.5281674985770522e-05,10,0.8977647151201994,fixed,0.0
38,21,11.0,350,7,2.0,0.9817477042468103,1.0,0.0,0.0,1.6629392246050902,1.9763247581485075,0.013567220749639241,12.628242625635952,12.800532722979323,17.441540973873806,17.441540973873806,0.4667928121206816,0.49079057967717715,0.9622312742343639,0.9622312742343639,0.4969051361359513,0.4969051361359513,0.4969051361359513,11.0,0.4759822120548467,0.999999999999986,6.994405055138462e-15,10,0.9399341742100628,fixed,0.0
39,21,11.0,350,7,2.0,0.9817477042468103,1.0,0.1,0.0,1.6629392246050902,1.9762172035188392,0.013523892621012357,12.628242625635952,12.800425168349655,17.450347877668648,17.450347877668648,0.4667928121206816,0.49079057967717715,0.9625290960048634,0.9625290960048634,0.4976384291006952,0.4976384291006952,0.4976384291006952,11.0,0.47607292281156044,0.9999978869976722,1.5594550832955373e-05,10,0.9402901240624667,fixed,0.0
40,21,11.0,350,7,0.5,1.1780972450961724,1.0,0.8,0.0,1.8477590650225735,1.6953227772769153,0.010660096626225047,11.365118103070136,11.43685257990846,17.444108542209598,17.444108542209598,0.5526747845984682,0.5812242949361085,0.9572044670558777,0.9572044670558777,0.43563598784158797,0.43563598784158797,0.43563598784158797,11.0,0.5414420712138368,0.9999969896224121,2.168467041438065e-05,10,0.9414192187686159,fixed,0.0
41,21,11.0,350,7,0.5,1.3744467859455345,1.0,0.8,0.0,1.9615705608064609,1.6938108490337163,0.010661155846047918,10.705707161187343,10.87013127290858,17.12807701920196,17.316157355549436,0.5828410747904292,0.6538719231688591,0.9576622816339071,0.9566196729977237,0.33528897255182594,0.3926617974729484,0.43851461660621316,11.0,0.5419087680685764,0.999999240899395,5.990929807644898e-06,10,0.9414659700480005,fixed,0.0
42,21,11.0,350,7,2.0,0.39269908169872414,1.0,0.8,0.3,0.7653668647301796,3.5509329758425716,0.046843001639887576,27.437822262403905,27.069066343617347,12.737920824142336,12.737920824142336,0.08815253503929929,0.05681668803010333,0.7411524241428445,0.7411524241428445,0.12413773620624236,0.12413773620624236,0.12413773620624236,11.0,0.39180897205234544,0.977377082631476,0.06252906900645167,10,0.6800105945180118,fixed,0.4527424846428632
43,21,11.0,350,7,0.5,1.5707963267948966,1.0,0.8,0.3,2.0,1.747119306617996,0.010002644909438342,10.5,10.747119306617996,16.15457495224245,16.477001257007267,0.4640014235607349,0.49079057967717715,0.906267558848995,0.9050154017533856,0.24199340082134452,0.3265272815703005,0.4166519486125994,11.0,0.556142798561228,0.9726676113347242,0.07305947102004301,10,0.8847260858384166,fixed,0.3673680579922861
44,21,11.0,350,7,2.0,0.7853981633974483,1.0,0.8,0.3,1.414213562373095,2.028349553132654,0.022809898335346173,14.849242404917499,14.756271614490512,15.1560360353166,15.1560360353166,0.20328461132122044,0.19417039572469771,0.85210673824671,0.85210673824671,0.3137753837803996,0.3137753837803996,0.3137753837803996,11.0,0.5110982457019397,0.9729526805302539,0.07243354873510446,10,0.8176850310993125,fixed,0.4565977681226215
45,21,11.0,350,7,2.0,0.5235987755982988,1.0,0.8,0.0,0.9999999999999999,2.2064358383318803,0.045483285723795806,21.000000000000004,20.206435838331885,14.748255599065473,14.748255599065473,0.236465040893626,0.21516654721476,0.8715654665487608,0.8715654665487608,0.225919644483221,0.225919644483221,0.225919644483221,11.0,0.38723631613074616,0.999995698398072,3.0218102354872324e-05,10,0.8167182203216745,fixed,0.0
46,21,11.0,350,7,2.0,0.9817477042468103,1.0,0.3,0.0,1.6629392246050902,1.9761696283024954,0.013510016347930986,12.628242625635952,12.800377593133312,17.45345227220772,17.45345227220772,0.4667928121206816,0.49079057967717715,0.9626476678191122,0.9626476678191122,0.49787057299951165,0.49787057299951165,0.49787057299951165,11.0,0.47610771550960373,0.9999881375909163,7.731533695266174e-05,10,0.9404286423386555,fixed,0.0
47,21,11.0,350,7,2.0,0.39269908169872414,1.0,0.8,0.0,0.7653668647301796,3.5579770892182268,0.055083964081934673,27.437822262403905,27.076110456993,13.86079202810506,13.86079202810506,0.17918203327809823,0.1336084642812005,0.8333777582167965,0.8333777582167965,0.16330289868258346,0.16330289868258346,0.16330289868258346,11.0,0.3573198372479679,0.9999812118287459,0.00011813564602895193,10,0.76628848897774,fixed,0.0
48,21,11.0,350,7,0.5,1.5707963267948966,1.0,0.8,0.0,2.0,1.6927268840443452,0.010641242125597198,10.5,10.692726884044346,16.847542434955237,17.09846861218762,0.6146281298595608,0.711599560857999,0.9609932787957233,0.9582820504888787,0.26031912078954333,0.32526558560960167,0.4399622042019855,11.0,0.5422463626970814,0.9999953097572407,3.2745404998838955e-05,10,0.9418222649194027,fixed,0.0
49,21,11.0,350,7,2.0,0.5235987755982988,1.0,0.8,0.3,0.9999999999999999,2.1552706376660375,0.04096993643818789,21.000000000000004,20.155270637666042,13.780788431990409,13.780788431990409,0.12073700353891173,0.09673275182260706,0.7776116531337612,0.7776116531337612,0.21899483189278987,0.21899483189278987,0.21899483189278987,11.0,0.40247515228770625,0.9797233905249871,0.057116234120622514,10,0.731078362924746,fixed,0.4179258855839937
50,21,11.0,350,7,2.0,0.9817477042468103,1.0,0.3,0.3,1.6629392246050902,1.9999506623285805,0.012351323728517508,12.628242625635952,12.824158627159397,15.732826176902442,15.732826176902442,0.2736354824797414,0.27351743701681286,0.8331600894605617,0.8331600894605617,0.4459182309851679,0.4459182309851679,0.4459182309851679,11.0,0.5229506690289587,0.9426883111234339,0.133096663864993,10,0.8126021372856291,fixed,0.4117004611031125
51,21,11.0,350,7,2.0,0.7853981633974483,1.0,0.8,0.0,1.414213562373095,2.050455110607089,0.02216658032602117,14.849242404917499,14.778377171964946,16.44909696857795,16.44909696857795,0.3683540083346771,0.3815135418411637,0.9333485438316453,0.9333485438316453,0.38072197578522327,0.38072197578522327,0.38072197578522327,11.0,0.44175438910621145,0.999995780692976,2.9680743433594187e-05,10,0.8996007588258629,fixed,0.0
52,21,11.0,350,7,2.0,0.9817477042468103,1.0,0.0,0.3,1.6629392246050902,1.9763247581485075,0.013567220749639241,12.628242625635952,12.800532722979323,17.441540973873806,17.441540973873806,0.2736354824797414,0.27351743701681286,0.9622312742343639,0.9622312742343639,0.4969051361359513,0.4969051361359513,0.4969051361359513,11.0,0.4759822120548467,0.999999999999986,6.994405055138462e-15,10,0.9399341742100628,fixed,0.37711711774982043
53,21,11.0,350,7,0.5,1.1780972450961724,1.0,0.8,0.3,1.8477590650225735,1.7227129157057925,0.009183310683787872,11.365118103070136,11.464242718337339,16.97608819921758,16.97608819921758,0.4015597508502798,0.3515561455133493,0.917612059672873,0.917612059672873,0.41430283376858246,0.41430283376858246,0.41430283376858246,11.0,0.563359981296692,0.9740864294907307,0.06993018760354022,10,0.8998613948686204,fixed,0.3638478383161961
54,21,11.0,350,7,2.0,0.9817477042468103,1.0,0.1,0.3,1.6629392246050902,1.9824530207772026,0.012572509588685764,12.628242625635952,12.80666098560802,17.123758556538284,17.123758556538284,0.2736354824797414,0.27351743701681286,0.9322058753615614,0.9322058753615614,0.49089493542989904,0.49089493542989904,0.49089493542989904,11.0,0.48218073628963026,0.9474938829323452,0.12408598302762862,10,0.9145636079054732,fixed,0.3760015818379922
55,21,11.0,350,7,0.5,1.3744467859455345,1.0,0.8,0.3,1.9615705608064609,1.742364884773481,0.009805974548667266,10.705707161187343,10.918685308648346,16.490634801373385,16.711424274078404,0.4316852428410294,0.4246032417403076,0.9087989097433402,0.9068795178295841,0.3145141768286526,0.38215673692294727,0.4162216861266272,11.0,0.5567420307154569,0.9728037800132532,0.07276066102781328,10,0.8882563525528812,fixed,0.3659883712763852
56,21,11.0,350,7,2.0,1.1780972450961724,1.0,0.8,0.3,1.8477590650225735,1.8734483745961525,0.0069968592241434905,11.365118103070136,11.614978177227698,17.738712566646186,17.738712566646186,0.34548192620533924,0.3515561455133493,0.9487250750942475,0.9487250750942475,0.5818793935357405,0.5818793935357405,0.5818793935357405,11.0,0.5816740339250912,0.9762768019914501,0.06502719580233535,10,0.9353463304054563,fixed,0.39630516819762823
57,21,11.0,350,7,0.5,0.9817477042468103,1.0,0.1,0.3,1.6629392246050902,1.710204493787164,0.010186955948310945,12.628242625635952,12.53441245861798,16.99737289287454,16.99737289287454,0.37441043972139204,0.27351743701681286,0.9255168175974878,0.9255168175974878,0.41753626024639867,0.41753626024639867,0.41753626024639867,11.0,0.5521399744445008,0.940186617093799,0.13771546154209877,10,0.9095276299868358,fixed,0.360125856840667
58,21,11.0,350,7,2.0,1.3744467859455345,1.0,0.8,0.3,1.9615705608064609,1.8311249984923226,0.004733703597506058,10.705707161187343,11.007445422367187,18.220652499108894,18.288971591285076,0.4149802605146909,0.4246032417403076,0.9599898968930274,0.9626546012270917,0.6292213729655897,0.6579036778312537,0.6579036778312537,11.0,0.5958947264383695,0.9745921918353402,0.06880603925618925,10,0.9541401391168822,fixed,0.37715845737785364
59,21,11.0,350,7,0.5,0.9817477042468103,1.0,0.0,0.3,1.6629392246050902,1.699919509004515,0.010739964030180639,12.628242625635952,12.524127473835332,17.416200358928393,17.416200358928393,0.37441043972139204,0.27351743701681286,0.956576684921373,0.956576684921373,0.4301286550751152,0.4301286550751152,0.4301286550751152,11.0,0.5393934530927078,0.9999999999999887,5.662137425588282e-15,10,0.9404484242614192,fixed,0.35547600002191687
60,21,11.0,350,7,0.5,0.5235987755982988,1.0,0.8,0.3,0.9999999999999999,1.7885701147090494,0.011653473573789493,21.000000000000004,19.788570114709053,16.14434640533859,16.14434640533859,0.32673051877480563,0.09673275182260706,0.874609300684133,0.874609300684133,0.37701426513660063,0.37701426513660063,0.37701426513660063,11.0,0.5616315439984666,0.9740566276946114,0.06999628282918482,10,0.8545861457255871,fixed,0.3886650256948366
61,21,11.0,350,7,0.5,0.9817477042468103,1.0,0.3,0.3,1.6629392246050902,1.7331239978487272,0.01048484530354262,12.628242625635952,12.557331962679545,15.360731373378588,15.360731373378588,0.37441043972139204,0.27351743701681286,0.8186189901139913,0.8186189901139913,0.34934405547872976,0.34934405547872976,0.34934405547872976,11.0,0.6279969617723054,0.9550435682713384,0.10952380854748742,10,0.8021685132545672,fixed,0.4181922803373852
62,21,11.0,350,7,0.5,0.7853981633974483,1.0,0.8,0.0,1.414213562373095,1.7040584743772702,0.010645897097828953,14.849242404917499,14.431980535735127,17.420861737959502,17.420861737959502,0.5009494607588951,0.3815135418411637,0.9575966704755272,0.9575966704755272,0.4257830982212935,0.4257830982212935,0.4257830982212935,11.0,0.5382493706430166,0.9999885490346776,7.48357796725727e-05,10,0.941175069618819,fixed,0.0
63,21,11.0,350,7,0.5,0.39269908169872414,1.0,0.8,0.0,0.7653668647301796,1.7131117304767636,0.010659758499966194,27.437822262403905,25.23124509825154,17.370167797788913,17.370167797788913,0.46647433855860865,0.1336084642812005,0.9576265748405446,0.9576265748405446,0.4096839405038679,0.4096839405038679,0.4096839405038679,11.0,0.5352706058087389,0.9999891773467523,7.103491315320244e-05,10,0.9402640202219817,fixed,0.0
64,21,11.0,350,7,2.0,1.5707963267948966,1.0,0.8,0.0,2.0,1.8611085169720867,0.0055176086833115786,10.5,10.861108516972086,18.66608093544701,18.758737373308936,0.6921242210373064,0.711599560857999,0.98796608518984,0.9916962421905593,0.641606979766363,0.6888396237646603,0.6888396237646603,10.873925501432664,0.5269869615981579,0.9999937950219311,4.2452423635504056e-05,10,0.9837761282956249,fixed,0.0
65,21,11.0,350,7,0.5,0.7853981633974483,1.0,0.8,0.3,1.414213562373095,1.6719102684416551,0.009866974825193374,14.849242404917499,14.399832329799512,16.63103150426361,16.63103150426361,0.35099045712644306,0.19417039572469771,0.9173074712291547,0.9173074712291547,0.3593202346110977,0.3593202346110977,0.3593202346110977,11.0,0.6411744228599179,0.9719011224462426,0.0747356175079651,10,0.9017878294407461,fixed,0.41010156598100794
66,21,11.0,350,7,0.5,0.5235987755982988,1.0,0.8,0.0,0.9999999999999999,1.7105239665629797,0.010678276153794965,21.000000000000004,19.71052396656298,17.379589596481452,17.379589596481452,0.4756773997430232,0.21516654721476,0.9572541412403289,0.9572541412403289,0.414811661561555,0.414811661561555,0.414811661561555,11.0,0.5360616518639305,0.9999982457288198,1.3110208885816096e-05,10,0.9402402993084576,fixed,0.0
67,21,11.0,350,7,0.5,0.9817477042468103,1.0,0.3,0.0,1.6629392246050902,1.6997733383132005,0.010717678037233776,12.628242625635952,12.523981303144017,17.421220420884982,17.421220420884982,0.5250690801084359,0.49079057967717715,0.9567869839195209,0.9567869839195209,0.43047264464233087,0.43047264464233087,0.43047264464233087,11.0,0.539433151633598,0.9999972578361875,1.988058925718449e-05,10,0.9406561228132772,fixed,0.0
68,21,11.0,350,7,0.5,0.39269908169872414,1.0,0.8,0.3,0.7653668647301796,1.684026293934373,0.010516791811489526,27.437822262403905,25.202159661709146,16.33272346580548,16.33272346580548,0.3179631532764118,0.05681668803010333,0.905393622303438,0.905393622303438,0.33478374478859485,0.33478374478859485,0.33478374478859485,11.0,0.6485063598659053,0.9679441431805366,0.0832397986301612,10,0.8890061811489111,fixed,0.4218174986128007
69,21,11.0,350,7,2.0,1.5707963267948966,1.0,0.8,0.3,2.0,1.8164437605051225,0.004232321505251796,10.5,10.816443760505123,18.302566365502667,18.438258223002943,0.47965825215852176,0.49079057967717715,0.9625182953977399,0.9645731149525866,0.6075754185525526,0.6739587851154982,0.6833693169004641,10.968481375358166,0.6007577168394113,0.9739599784070612,0.07021052439674658,10,0.9593642538607652,fixed,0.37085460240480533
70,21,11.0,350,7,0.5,0.9817477042468103,1.0,0.1,0.0,1.6629392246050902,1.7000711639572526,0.010727751990527504,12.628242625635952,12.52427912878807,17.418539173516468,17.418539173516468,0.5250690801084359,0.49079057967717715,0.9566555947916345,0.9566555947916345,0.43031186255454623,0.43031186255454623,0.43031186255454623,11.0,0.5393778736016375,0.999999443950234,4.474965983474031e-06,10,0.9405184246149035,fixed,0.0
71,21,11.0,350,7,2.0,1.1780972450961724,1.0,0.8,0.0,1.8477590650225735,1.9141868232115584,0.008459010079570773,11.365118103070136,11.655716625843105,18.19871385739432,18.19871385739432,0.5552757900750026,0.5812242949361085,0.9811706587738411,0.9811706587738411,0.5980294591798894,0.5980294591798894,0.5980294591798894,11.0,0.5037636619016962,0.9999714701982627,0.00017343067563402393,10,0.9667831804220928,fixed,0.0
72,21,11.0,350,7,2.0,1.3744467859455345,1.0,0.8,0.0,1.9615705608064609,1.874907746492084,0.006126159443233751,10.705707161187343,11.051228170366949,18.589682211685243,18.614633092271045,0.6304217691057521,0.6538719231688591,0.9873442877538376,0.9900220676222755,0.65302801608571,0.6609932538659798,0.6646008800037271,10.905444126074498,0.5209626512529856,0.9999939626473101,4.138825323774057e-05,10,0.9798855495907416,fixed,0.0
73,21,11.0,350,7,0.5,0.9817477042468103,1.0,0.0,0.0,1.6629392246050902,1.699919509004515,0.010739964030180639,12.628242625635952,12.524127473835332,17.416200358928393,17.416200358928393,0.5250690801084359,0.49079057967717715,0.956576684921373,0.956576684921373,0.4301286550751152,0.4301286550751152,0.4301286550751152,11.0,0.5393934530927078,0.9999999999999887,5.662137425588282e-15,10,0.9404484242614192,fixed,0.0
74,21,11.0,350,7,0.5,0.39269908169872414,1.0,0.0,0.0,0.7653668647301796,1.7134339156882747,0.010774862604035302,27.437822262403905,25.23156728346305,17.344457994853983,17.344457994853983,0.46647433855860865,0.1336084642812005,0.9565398959865521,0.9565398959865521,0.4078703088102469,0.4078703088102469,0.4078703088102469,11.0,0.5347324920778215,0.9999999999999809,9.5479180117763e-15,10,0.9390911982248081,fixed,0.0
75,21,11.0,350,7,2.0,1.3744467859455345,1.0,0.3,0.3,1.9615705608064609,1.91570993934543,0.0065185253286902224,10.705707161187343,11.092030363220294,16.7325320284101,16.81158368346506,0.4149802605146909,0.4246032417403076,0.8672163624452166,0.8731357686987027,0.5627371631623916,0.5832394477163276,0.5832394477163276,11.0,0.6026797595191461,0.9521797643713528,0.11511007047084486,10,0.8596110653095487,fixed,0.40825403975701474
76,21,11.0,350,7,0.5,0.5235987755982988,1.0,0.1,0.3,0.9999999999999999,1.7131994794489644,0.010510528817508245,21.000000000000004,19.713199479448967,17.297037698213856,17.297037698213856,0.32673051877480563,0.09673275182260706,0.9504507578618012,0.9504507578618012,0.41307868923135216,0.41307868923135216,0.41307868923135216,11.0,0.5359934013836277,0.9803949800701709,0.055543958581264076,10,0.9334088016482257,fixed,0.35334832162519675
77,21,11.0,350,7,2.0,1.5707963267948966,1.0,0.0,0.0,2.0,1.8596374704384853,0.005536237981833546,10.5,10.859637470438486,18.66060848273848,18.753805537166954,0.6921242210373064,0.711599560857999,0.9878053976903253,0.9915770080770796,0.6409512589011985,0.6883759570240979,0.6883759570240979,10.873925501432664,0.5275048866018617,0.9999999999999869,6.550315845288402e-15,10,0.983572080307853,fixed,0.0
78,21,11.0,350,7,2.0,1.1780972450961724,1.0,0.3,0.3,1.8477590650225735,1.9490744637159452,0.008389870459413439,11.365118103070136,11.690604266347492,16.41070294544147,16.41070294544147,0.34548192620533924,0.3515561455133493,0.8590512797902186,0.8590512797902186,0.5302277066025641,0.5302277066025641,0.5302277066025641,11.0,0.571461903430301,0.9474957038184558,0.1240825326406402,10,0.8427900468755171,fixed,0.4107298628856932
79,21,11.0,350,7,0.5,0.7853981633974483,1.0,0.1,0.0,1.414213562373095,1.7046190134305288,0.010743897668370148,14.849242404917499,14.432541074788386,17.397113817015192,17.397113817015192,0.5009494607588951,0.3815135418411637,0.9565727873970562,0.9565727873970562,0.4240307153974712,0.4240307153974712,0.4240307153974712,11.0,0.5377205126185214,0.9999992828167581,5.680480987284539e-06,10,0.9400612684643396,fixed,0.0
80,21,11.0,350,7,0.5,0.39269908169872414,1.0,0.1,0.0,0.7653668647301796,1.7135269234513477,0.010754708710193048,27.437822262403905,25.231660291226124,17.34633438302788,17.34633438302788,0.46647433855860865,0.1336084642812005,0.9565875043893723,0.9565875043893723,0.40800946756952833,0.40800946756952833,0.40800946756952833,11.0,0.5347069220462981,0.9999992437262185,5.970030884564727e-06,10,0.9391504007775087,fixed,0.0
81,21,11.0,350,7,0.5,0.7853981633974483,1.0,0.0,0.0,1.414213562373095,1.7044946494179096,0.010751257478320887,14.849242404917499,14.432416710775767,17.396573641503633,17.396573641503633,0.5009494607588951,0.3815135418411637,0.9565960624503442,0.9565960624503442,0.42396497169015146,0.42396497169015146,0.42396497169015146,11.0,0.5377506872337452,0.9999999999999805,9.769962616701329e-15,10,0.9400733726446061,fixed,0.0
82,21,11.0,350,7,2.0,1.5707963267948966,1.0,0.1,0.0,2.0,1.860855738256876,0.005515776227393574,10.5,10.860855738256877,18.66444826142302,18.757314746496935,0.6921242210373064,0.711599560857999,0.9879402979879114,0.9916780484300058,0.6413637441336814,0.6887375140128609,0.6887375140128609,10.873925501432664,0.5271592968803536,0.9999972703720486,1.979595819279521e-05,10,0.9837436985122752,fixed,0.0
83,21,11.0,350,7,0.5,0.5235987755982988,1.0,0.0,0.3,0.9999999999999999,1.7108677915854322,0.010768175070307124,21.000000000000004,19.710867791585436,17.362273750101632,17.362273750101632,0.32673051877480563,0.09673275182260706,0.9565237784777859,0.9565237784777859,0.41361149756187987,0.41361149756187987,0.41361149756187987,11.0,0.5355517575146727,0.9999999999999829,8.548717289613669e-15,10,0.9394396786656264,fixed,0.355204923300189
84,21,11.0,350,7,0.5,0.7853981633974483,1.0,0.3,0.0,1.414213562373095,1.7044367945682475,0.010716643056283197,14.849242404917499,14.432358855926104,17.403555125693778,17.403555125693778,0.5009494607588951,0.3815135418411637,0.9568725799182868,0.9568725799182868,0.4244503948344144,0.4244503948344144,0.4244503948344144,11.0,0.5378953711423133,0.9999979794392688,1.4957499973068152e-05,10,0.9403946658540222,fixed,0.0
85,21,11.0,350,7,2.0,1.1780972450961724,1.0,0.1,0.3,1.8477590650225735,1.9252081337192077,0.008052774241077922,11.365118103070136,11.666737936350753,17.840973741560052,17.840973741560052,0.34548192620533924,0.3515561455133493,0.9515928853919144,0.9515928853919144,0.5869536208335219,0.5869536208335219,0.5869536208335219,11.0,0.5123784306506687,0.9499630119685945,0.11938083570300534,10,0.9406661124690266,fixed,0.360741301546551
86,21,11.0,350,7,0.5,0.9817477042468103,1.0,0.8,0.3,1.6629392246050902,1.6898776556271309,0.008712999352040347,12.628242625635952,12.514085620457948,17.07000514808703,17.07000514808703,0.37441043972139204,0.27351743701681286,0.9298149336557543,0.9298149336557543,0.3990921464717797,0.3990921464717797,0.3990921464717797,11.0,0.5877544100834042,0.9774391643470446,0.062387378552964834,10,0.9126656130763529,fixed,0.371963455157486
87,21,11.0,350,7,0.5,0.5235987755982988,1.0,0.3,0.3,0.9999999999999999,1.728951039867261,0.009627380938713594,21.000000000000004,19.728951039867262,16.921652842406598,16.921652842406598,0.32673051877480563,0.09673275182260706,0.9138548213206805,0.9138548213206805,0.40828626197214907,0.40828626197214907,0.40828626197214907,11.0,0.5398912517855884,0.9569921661272993,0.10567592565111897,10,0.8985945775180061,fixed,0.3507695407025957
88,21,11.0,350,7,2.0,1.3744467859455345,1.0,0.1,0.3,1.9615705608064609,1.886829214443321,0.005905454676528712,10.705707161187343,11.063149638318185,18.242522953520872,18.272618740590158,0.4149802605146909,0.4246032417403076,0.9608536110153629,0.9626786604877358,0.6392252051303899,0.649443270029884,0.6520529197031443,10.905444126074498,0.5321532502729962,0.9530358625857971,0.11344845495251574,10,0.9553926525124471,fixed,0.3499664988148798
89,21,11.0,350,7,2.0,1.1780972450961724,1.0,0.0,0.3,1.8477590650225735,1.9153595468730997,0.008585555602319392,11.365118103070136,11.656889349504645,18.17152934611116,18.17152934611116,0.34548192620533924,0.3515561455133493,0.9804014419273597,0.9804014419273597,0.5954112325654372,0.5954112325654372,0.5954112325654372,11.0,0.5032486275286692,0.9999999999999791,1.0436096431476418e-14,10,0.9657906730548644,fixed,0.35719609939260016
90,21,11.0,350,7,2.0,1.5707963267948966,1.0,0.3,0.0,2.0,1.8616086939912826,0.005522178936437173,10.5,10.861608693991283,18.665650766550506,18.75852158554829,0.6921242210373064,0.711599560857999,0.9879545653672015,0.9916852481499199,0.6414160375842289,0.6887348426795488,0.6887348426795488,10.873925501432664,0.5268697802315436,0.9999983395541385,1.2454658028493803e-05,10,0.9837662712029904,fixed,0.0
91,21,11.0,350,7,0.5,0.39269908169872414,1.0,0.3,0.0,0.7653668647301796,1.713401459233669,0.010742904359085809,27.437822262403905,25.231534827008446,17.35084814545107,17.35084814545107,0.46647433855860865,0.1336084642812005,0.9567984626791081,0.9567984626791081,0.4082774155889891,0.4082774155889891,0.4082774155889891,11.0,0.5347342744976405,0.999997312180244,1.9513497338598162e-05,10,0.9393502230125236,fixed,0.0
92,21,11.0,350,7,2.0,1.3744467859455345,1.0,0.0,0.3,1.9615705608064609,1.8755219055183652,0.0062372898707252124,10.705707161187343,11.05184232939323,18.55978365960774,18.586361455280375,0.4149802605146909,0.4246032417403076,0.9865259638802024,0.9893358473096541,0.6497424829944967,0.6583185730168575,0.6616756534971621,10.905444126074498,0.5207228643687347,0.9999999999999882,5.884182030513312e-15,10,0.9789134086085195,fixed,0.34366332462512067
93,21,11.0,350,7,0.5,0.9817477042468103,1.0,0.8,0.0,1.6629392246050902,1.699494939814746,0.01072057505899252,12.628242625635952,12.523702904645562,17.419194127724918,17.419194127724918,0.5250690801084359,0.49079057967717715,0.9567029634131796,0.9567029634131796,0.43036724312554364,0.43036724312554364,0.43036724312554364,11.0,0.5396063826589723,0.9999900229212104,6.589075247350331e-05,10,0.9405792795439155,fixed,0.0
94,21,11.0,350,7,0.5,0.5235987755982988,1.0,0.3,0.0,0.9999999999999999,1.7104151963501497,0.01066949611679362,21.000000000000004,19.71041519635015,17.385821049890986,17.385821049890986,0.4756773997430232,0.21516654721476,0.9575572500185191,0.9575572500185191,0.4151725798655428,0.4151725798655428,0.4151725798655428,11.0,0.5360188616247367,0.9999945286669016,3.777728202029822e-05,10,0.9405058525076417,fixed,0.0
95,21,11.0,350,7,2.0,1.1780972450961724,1.0,0.1,0.0,1.8477590650225735,1.9152304680569285,0.008524180887332854,11.365118103070136,11.656760270688473,18.186043376138887,18.186043376138887,0.5552757900750026,0.5812242949361085,0.9808159794379239,0.9808159794379239,0.596737800808969,0.596737800808969,0.596737800808969,11.0,0.5033819444876759,0.9999983794046798,1.2175431462894271e-05,10,0.9663260684454892,fixed,0.0
96,21,11.0,350,7,0.5,0.7853981633974483,1.0,0.3,0.3,1.414213562373095,1.74014042032158,0.010220241530526785,14.849242404917499,14.468062481679437,15.71580292324931,15.71580292324931,0.35099045712644306,0.19417039572469771,0.8370270107022884,0.8370270107022884,0.36665584184680156,0.36665584184680156,0.36665584184680156,11.0,0.5981745233097797,0.9429968747384591,0.1325236544007404,10,0.8209168931984391,fixed,0.3967230338751821
97,21,11.0,350,7,2.0,1.3744467859455345,1.0,0.1,0.0,1.9615705608064609,1.87507386488213,0.006123258411123458,10.705707161187343,11.051394288756995,18.590068546079326,18.615115110855697,0.6304217691057521,0.6538719231688591,0.9873657879693538,0.9900358353903853,0.6529788846990066,0.6610268521059495,0.6646044564806783,10.905444126074498,0.520959328477864,0.9999992261213138,6.100100064109463e-06,10,0.9799143183640715,fixed,0.0
98,21,11.0,350,7,2.0,1.5707963267948966,1.0,0.3,0.3,2.0,1.9035744616688417,0.005982296692069707,10.5,10.903574461668843,16.77570630315893,16.944516400952992,0.47965825215852176,0.49079057967717715,0.8687712110257088,0.8759955508521653,0.5445333067326951,0.6020105208819234,0.6028339996315398,10.968481375358166,0.6136481557216075,0.9537132454940012,0.11212872969197055,10,0.8654610864946077,fixed,0.4067684398596794
99,21,11.0,350,7,2.0,1.1780972450961724,1.0,0.0,0.0,1.8477590650225735,1.9153595468730997,0.008585555602319392,11.365118103070136,11.656889349504645,18.17152934611116,18.17152934611116,0.5552757900750026,0.5812242949361085,0.9804014419273597,0.9804014419273597,0.5954112325654372,0.5954112325654372,0.5954112325654372,11.0,0.5032486275286692,0.9999999999999791,1.0436096431476418e-14,10,0.9657906730548644,fixed,0.0
100,21,11.0,350,7,2.0,1.3744467859455345,1.0,0.0,0.0,1.9615705608064609,1.8755219055183652,0.0062372898707252124,10.705707161187343,11.05184232939323,18.55978365960774,18.586361455280375,0.6304217691057521,0.6538719231688591,0.9865259638802024,0.9893358473096541,0.6497424829944967,0.6583185730168575,0.6616756534971621,10.905444126074498,0.5207228643687347,0.9999999999999882,5.884182030513312e-15,10,0.9789134086085195,fixed,0.0
101,21,11.0,350,7,0.5,0.39269908169872414,1.0,0.3,0.3,0.7653668647301796,1.7076651425609106,0.010201967575088376,27.437822262403905,25.225798510335686,17.07877176845998,17.07877176845998,0.3179631532764118,0.05681668803010333,0.9430725569449212,0.9430725569449212,0.3848345191937986,0.3848345191937986,0.3848345191937986,11.0,0.5666776156577229,0.9664729647712864,0.08634239571592967,10,0.9262119056779738,fixed,0.3698960552225827
102,21,11.0,350,7,2.0,1.3744467859455345,1.0,0.3,0.0,1.9615705608064609,1.875442092988576,0.0061290073338438585,10.705707161187343,11.051762516863441,18.589619014089223,18.614712992425904,0.6304217691057521,0.6538719231688591,0.9873389642320327,0.9900214755184802,0.6529176936369815,0.6609636485655143,0.6645398283489883,10.905444126074498,0.520876033734442,0.999998428247608,1.1832527040722143e-05,10,0.9798853222033087,fixed,0.0
103,21,11.0,350,7,0.5,0.39269908169872414,1.0,0.0,0.3,0.7653668647301796,1.7134339156882747,0.010774862604035302,27.437822262403905,25.23156728346305,17.344457994853983,17.344457994853983,0.3179631532764118,0.05681668803010333,0.9565398959865521,0.9565398959865521,0.4078703088102469,0.4078703088102469,0.4078703088102469,11.0,0.5347324920778215,0.9999999999999809,9.5479180117763e-15,10,0.9390911982248081,fixed,0.35511332116993743
104,21,11.0,350,7,0.5,0.7853981633974483,1.0,0.1,0.3,1.414213562373095,1.71228845241476,0.01028641748709472,14.849242404917499,14.440210513772616,17.098879012236033,17.098879012236033,0.35099045712644306,0.19417039572469771,0.9338393462756097,0.9338393462756097,0.41603074675564,0.41603074675564,0.41603074675564,11.0,0.5455050855506997,0.9513862110680078,0.11664412258147167,10,0.9174371693331166,fixed,0.357175484490773
105,21,11.0,350,7,2.0,1.1780972450961724,1.0,0.3,0.0,1.8477590650225735,1.914125382804181,0.00840795414714973,11.365118103070136,11.655655185435727,18.210497237577904,18.210497237577904,0.5552757900750026,0.5812242949361085,0.9815400640131601,0.9815400640131601,0.5989447122160686,0.5989447122160686,0.5989447122160686,11.0,0.5038227958931845,0.9999970137308835,2.1523015347324408e-05,10,0.9672805754017396,fixed,0.0
106,21,11.0,350,7,2.0,1.5707963267948966,1.0,0.0,0.3,2.0,1.8596374704384853,0.005536237981833546,10.5,10.859637470438486,18.66060848273848,18.753805537166954,0.47965825215852176,0.49079057967717715,0.9878053976903253,0.9915770080770796,0.6409512589011985,0.6883759570240979,0.6883759570240979,10.873925501432664,0.5275048866018617,0.9999999999999869,6.550315845288402e-15,10,0.983572080307853,fixed,0.3383919506393858
107,21,11.0,350,7,0.5,0.5235987755982988,1.0,0.1,0.0,0.9999999999999999,1.71100355202808,0.010748070631569557,21.000000000000004,19.71100355202808,17.366538065565514,17.366538065565514,0.4756773997430232,0.21516654721476,0.956666202671915,0.956666202671915,0.4139228840040117,0.4139228840040117,0.4139228840040117,11.0,0.5355579813726277,0.9999994622027613,4.337048447204523e-06,10,0.9395545444710347,fixed,0.0
108,21,11.0,350,7,0.5,0.39269908169872414,1.0,0.1,0.3,0.7653668647301796,1.7129621569590179,0.010670863003853195,27.437822262403905,25.231095524733796,17.312554768681032,17.312554768681032,0.3179631532764118,0.05681668803010333,0.9549193528467597,0.9549193528467597,0.40511419874822163,0.40511419874822163,0.40511419874822163,11.0,0.5386075994973922,0.9922934480068946,0.025348646316483314,10,0.9374668828268717,fixed,0.3567172131829815
109,21,11.0,350,7,0.5,0.5235987755982988,1.0,0.0,0.0,0.9999999999999999,1.7108677915854322,0.010768175070307124,21.000000000000004,19.710867791585436,17.362273750101632,17.362273750101632,0.4756773997430232,0.21516654721476,0.9565237784777859,0.9565237784777859,0.41361149756187987,0.41361149756187987,0.41361149756187987,11.0,0.5355517575146727,0.9999999999999829,8.548717289613669e-15,10,0.9394396786656264,fixed,0.0
110,21,11.0,350,7,2.0,1.5707963267948966,1.0,0.1,0.3,2.0,1.8731880582369325,0.005367535297340092,10.5,10.873188058236932,18.314140735360255,18.413783794397084,0.47965825215852176,0.49079057967717715,0.9631514491772233,0.96515010179795,0.6262667823444474,0.6751648465705073,0.6751648465705073,10.873925501432664,0.5391403464069606,0.9540221278111389,0.1115254618281499,10,0.9597049539271141,fixed,0.3463544366585224
111,21,11.0,350,7,0.5,0.7853981633974483,1.0,0.0,0.3,1.414213562373095,1.7044946494179096,0.010751257478320887,14.849242404917499,14.432416710775767,17.396573641503633,17.396573641503633,0.35099045712644306,0.19417039572469771,0.9565960624503442,0.9565960624503442,0.42396497169015146,0.42396497169015146,0.42396497169015146,11.0,0.5377506872337452,0.9999999999999805,9.769962616701329e-15,10,0.9400733726446061,fixed,0.3553665059338519
